{
    "numeric": {
        "bill_length_mm": {
            "count": 342.0,
            "mean": 43.9219298246,
            "std": 5.4595837139,
            "min": 32.1,
            "25%": 39.225,
            "50%": 44.45,
            "75%": 48.5,
            "max": 59.6
        },
        "bill_depth_mm": {
            "count": 342.0,
            "mean": 17.1511695906,
            "std": 1.9747931568,
            "min": 13.1,
            "25%": 15.6,
            "50%": 17.3,
            "75%": 18.7,
            "max": 21.5
        },
        "flipper_length_mm": {
            "count": 342.0,
            "mean": 200.9152046784,
            "std": 14.0617136794,
            "min": 172.0,
            "25%": 190.0,
            "50%": 197.0,
            "75%": 213.0,
            "max": 231.0
        },
        "body_mass_g": {
            "count": 342.0,
            "mean": 4201.7543859649,
            "std": 801.9545356981,
            "min": 2700.0,
            "25%": 3550.0,
            "50%": 4050.0,
            "75%": 4750.0,
            "max": 6300.0
        }
    },
    "categorical": {
        "species": {
            "Adelie": 152,
            "Gentoo": 124,
            "Chinstrap": 68
        },
        "island": {
            "Biscoe": 168,
            "Dream": 124,
            "Torgersen": 52
        },
        "sex": {
            "Male": 168,
            "Female": 165
        }
    },
    "correlation": {
        "bill_length_mm": {
            "bill_length_mm": 1.0,
            "bill_depth_mm": -0.2350528704,
            "flipper_length_mm": 0.6561813407,
            "body_mass_g": 0.5951098244
        },
        "bill_depth_mm": {
            "bill_length_mm": -0.2350528704,
            "bill_depth_mm": 1.0,
            "flipper_length_mm": -0.5838512165,
            "body_mass_g": -0.4719156212
        },
        "flipper_length_mm": {
            "bill_length_mm": 0.6561813407,
            "bill_depth_mm": -0.5838512165,
            "flipper_length_mm": 1.0,
            "body_mass_g": 0.8712017673
        },
        "body_mass_g": {
            "bill_length_mm": 0.5951098244,
            "bill_depth_mm": -0.4719156212,
            "flipper_length_mm": 0.8712017673,
            "body_mass_g": 1.0
        }
    },
    "crosstab": {
        "Biscoe": {
            "Adelie": 44,
            "Chinstrap": 0,
            "Gentoo": 124
        },
        "Dream": {
            "Adelie": 56,
            "Chinstrap": 68,
            "Gentoo": 0
        },
        "Torgersen": {
            "Adelie": 52,
            "Chinstrap": 0,
            "Gentoo": 0
        }
    }
}