{
  "id": {
    "count": 5000,
    "mean": 2499.5,
    "median": 2499.5,
    "std": 1443.5200033252052,
    "min": 0.0,
    "max": 4999.0,
    "q1": 1249.75,
    "q3": 3749.25,
    "iqr": 2499.5,
    "skewness": 0.0,
    "kurtosis": -1.2
  },
  "open": {
    "count": 5000,
    "mean": 1.043891208,
    "median": 1.05567,
    "std": 0.041134659710111,
    "min": 0.95391,
    "max": 1.10847,
    "q1": 1.0027175000000002,
    "q3": 1.07894,
    "iqr": 0.0762,
    "skewness": -0.29928897112362624,
    "kurtosis": -1.2188734821229292
  },
  "high": {
    "count": 5000,
    "mean": 1.044814552,
    "median": 1.0567950000000002,
    "std": 0.04099087790586577,
    "min": 0.95593,
    "max": 1.10953,
    "q1": 1.0035075,
    "q3": 1.0795825,
    "iqr": 0.0761,
    "skewness": -0.2983543774485701,
    "kurtosis": -1.2227388362001614
  },
  "low": {
    "count": 5000,
    "mean": 1.04299148,
    "median": 1.05496,
    "std": 0.04126309536883392,
    "min": 0.95357,
    "max": 1.10805,
    "q1": 1.001715,
    "q3": 1.0782224999999999,
    "iqr": 0.0765,
    "skewness": -0.29876093860589464,
    "kurtosis": -1.2164429979842797
  },
  "close": {
    "count": 5000,
    "mean": 1.0439056079999998,
    "median": 1.0557,
    "std": 0.0411345541200931,
    "min": 0.95391,
    "max": 1.1085,
    "q1": 1.002705,
    "q3": 1.0789475,
    "iqr": 0.0762,
    "skewness": -0.2997742162251198,
    "kurtosis": -1.2187770635069897
  },
  "tick_volume": {
    "count": 5000,
    "mean": 3690.2494,
    "median": 2999.5,
    "std": 2800.488504809965,
    "min": 85.0,
    "max": 23708.0,
    "q1": 1738.75,
    "q3": 4861.0,
    "iqr": 3122.25,
    "skewness": 1.7893316097974752,
    "kurtosis": 4.936361063166994
  },
  "spread": {
    "count": 5000,
    "mean": 8.9816,
    "median": 8.0,
    "std": 5.785114947085338,
    "min": 0.0,
    "max": 183.0,
    "q1": 8.0,
    "q3": 8.0,
    "iqr": 0.0,
    "skewness": 9.511427531403585,
    "kurtosis": 186.93150350230988
  },
  "real_volume": {
    "count": 5000,
    "mean": 0.0,
    "median": 0.0,
    "std": 0.0,
    "min": 0.0,
    "max": 0.0,
    "q1": 0.0,
    "q3": 0.0,
    "iqr": 0.0,
    "skewness": 0.0,
    "kurtosis": 0.0
  },
  "MeanCloseOpen": {
    "count": 5000,
    "mean": 1.043898408,
    "median": 1.0557124999999998,
    "std": 0.041128708268000524,
    "min": 0.954735,
    "max": 1.10828,
    "q1": 1.0026475000000001,
    "q3": 1.078955,
    "iqr": 0.0763,
    "skewness": -0.2994155497178344,
    "kurtosis": -1.2197036923005815
  },
  "Diff_Close": {
    "count": 5000,
    "mean": 1.2206e-05,
    "median": -5e-06,
    "std": 0.0014004953234460294,
    "min": -0.01397,
    "max": 0.01734,
    "q1": -0.00058,
    "q3": 0.00062,
    "iqr": 0.0012,
    "skewness": 0.2556946612201008,
    "kurtosis": 13.329892258736649
  },
  "Diff_Open": {
    "count": 5000,
    "mean": 1.2024000000000002e-05,
    "median": 0.0,
    "std": 0.001403837260951228,
    "min": -0.01401,
    "max": 0.01742,
    "q1": -0.0006,
    "q3": 0.0006125,
    "iqr": 0.0012,
    "skewness": 0.25228049619407733,
    "kurtosis": 13.412678033371371
  },
  "Diff_MeanCloseOpen": {
    "count": 5000,
    "mean": 1.2115000000000064e-05,
    "median": 5e-06,
    "std": 0.0009777365266359355,
    "min": -0.00726,
    "max": 0.01078,
    "q1": -0.000425,
    "q3": 0.00043,
    "iqr": 0.0009,
    "skewness": 0.38459966600269385,
    "kurtosis": 9.435036184761127
  }
}