{
  "method": "spearman",
  "matrix": {
    "id": {
      "id": 1.0,
      "open": 0.8604918852291502,
      "high": 0.8602438057923817,
      "low": 0.8607399270606462,
      "close": 0.8605871280182067,
      "tick_volume": -0.2435520274324375,
      "spread": -0.1390882201552869,
      "real_volume": null,
      "MeanCloseOpen": 0.860605487568938,
      "Diff_Close": 0.020382071493409794,
      "Diff_Open": 0.01999128331457159,
      "Diff_MeanCloseOpen": 0.01845377849318599
    },
    "open": {
      "id": 0.8604918852291502,
      "open": 1.0,
      "high": 0.999484512920678,
      "low": 0.9995258406851132,
      "close": 0.9991048427440391,
      "tick_volume": -0.30206656417072103,
      "spread": -0.0912416694626896,
      "real_volume": null,
      "MeanCloseOpen": 0.9997635368827318,
      "Diff_Close": -2.2200715437433178e-05,
      "Diff_Open": 0.03329871919478775,
      "Diff_MeanCloseOpen": 0.015536121319112379
    },
    "high": {
      "id": 0.8602438057923817,
      "open": 0.999484512920678,
      "high": 1.0,
      "low": 0.9992095904920648,
      "close": 0.9995564871529558,
      "tick_volume": -0.2889727030833523,
      "spread": -0.09967038473942084,
      "real_volume": null,
      "MeanCloseOpen": 0.9997360900005607,
      "Diff_Close": 0.018360739178741398,
      "Diff_Open": 0.032653565765573704,
      "Diff_MeanCloseOpen": 0.028443362986727456
    },
    "low": {
      "id": 0.8607399270606462,
      "open": 0.9995258406851132,
      "high": 0.9992095904920648,
      "low": 1.0,
      "close": 0.9995344379186168,
      "tick_volume": -0.31468142582082925,
      "spread": -0.08439509575367904,
      "real_volume": null,
      "MeanCloseOpen": 0.9997490341377104,
      "Diff_Close": 0.017644214391227223,
      "Diff_Open": 0.03214721484303768,
      "Diff_MeanCloseOpen": 0.027627971783668697
    },
    "close": {
      "id": 0.8605871280182067,
      "open": 0.9991048427440391,
      "high": 0.9995564871529558,
      "low": 0.9995344379186168,
      "close": 1.0,
      "tick_volume": -0.30215615928491624,
      "spread": -0.09192320735816735,
      "real_volume": null,
      "MeanCloseOpen": 0.9997687178834864,
      "Diff_Close": 0.034462414175248694,
      "Diff_Open": 0.03180535038662346,
      "Diff_MeanCloseOpen": 0.03947839634628311
    },
    "tick_volume": {
      "id": -0.2435520274324375,
      "open": -0.30206656417072103,
      "high": -0.2889727030833523,
      "low": -0.31468142582082925,
      "close": -0.30215615928491624,
      "tick_volume": 1.0,
      "spread": -0.3962727610318239,
      "real_volume": null,
      "MeanCloseOpen": -0.3022475836407345,
      "Diff_Close": 0.0035900179469487924,
      "Diff_Open": 0.003636590750469336,
      "Diff_MeanCloseOpen": 0.0004708051917802846
    },
    "spread": {
      "id": -0.1390882201552869,
      "open": -0.0912416694626896,
      "high": -0.09967038473942084,
      "low": -0.08439509575367904,
      "close": -0.09192320735816735,
      "tick_volume": -0.3962727610318239,
      "spread": 1.0,
      "real_volume": null,
      "MeanCloseOpen": -0.09158157715583307,
      "Diff_Close": -0.02504426718069208,
      "Diff_Open": -0.04064905942177535,
      "Diff_MeanCloseOpen": -0.04603791396678754
    },
    "real_volume": {
      "id": null,
      "open": null,
      "high": null,
      "low": null,
      "close": null,
      "tick_volume": null,
      "spread": null,
      "real_volume": null,
      "MeanCloseOpen": null,
      "Diff_Close": null,
      "Diff_Open": null,
      "Diff_MeanCloseOpen": null
    },
    "MeanCloseOpen": {
      "id": 0.860605487568938,
      "open": 0.9997635368827318,
      "high": 0.9997360900005607,
      "low": 0.9997490341377104,
      "close": 0.9997687178834864,
      "tick_volume": -0.3022475836407345,
      "spread": -0.09158157715583307,
      "real_volume": null,
      "MeanCloseOpen": 1.0,
      "Diff_Close": 0.017228756626939054,
      "Diff_Open": 0.03267726143414846,
      "Diff_MeanCloseOpen": 0.027641541594691087
    },
    "Diff_Close": {
      "id": 0.020382071493409794,
      "open": -2.2200715437433178e-05,
      "high": 0.018360739178741398,
      "low": 0.017644214391227223,
      "close": 0.034462414175248694,
      "tick_volume": 0.0035900179469487924,
      "spread": -0.02504426718069208,
      "real_volume": null,
      "MeanCloseOpen": 0.017228756626939054,
      "Diff_Close": 1.0,
      "Diff_Open": -0.025964270656251617,
      "Diff_MeanCloseOpen": 0.6501934565365783
    },
    "Diff_Open": {
      "id": 0.01999128331457159,
      "open": 0.03329871919478775,
      "high": 0.032653565765573704,
      "low": 0.03214721484303768,
      "close": 0.03180535038662346,
      "tick_volume": 0.003636590750469336,
      "spread": -0.04064905942177535,
      "real_volume": null,
      "MeanCloseOpen": 0.03267726143414846,
      "Diff_Close": -0.025964270656251617,
      "Diff_Open": 1.0,
      "Diff_MeanCloseOpen": 0.6596850734397391
    },
    "Diff_MeanCloseOpen": {
      "id": 0.01845377849318599,
      "open": 0.015536121319112379,
      "high": 0.028443362986727456,
      "low": 0.027627971783668697,
      "close": 0.03947839634628311,
      "tick_volume": 0.0004708051917802846,
      "spread": -0.04603791396678754,
      "real_volume": null,
      "MeanCloseOpen": 0.027641541594691087,
      "Diff_Close": 0.6501934565365783,
      "Diff_Open": 0.6596850734397391,
      "Diff_MeanCloseOpen": 1.0
    }
  }
}