{
  "method": "kendall",
  "matrix": {
    "id": {
      "id": 1.0,
      "open": 0.643615167690965,
      "high": 0.6428770198736379,
      "low": 0.6441549374006011,
      "close": 0.6437260152866962,
      "tick_volume": -0.16590806338597613,
      "spread": -0.11146656787569141,
      "real_volume": null,
      "MeanCloseOpen": 0.6438254916174314,
      "Diff_Close": 0.01289782736778722,
      "Diff_Open": 0.012566949310551807,
      "Diff_MeanCloseOpen": 0.011707589180454525
    },
    "open": {
      "id": 0.643615167690965,
      "open": 1.0,
      "high": 0.9839394536175385,
      "low": 0.984488776452494,
      "close": 0.9767080805608143,
      "tick_volume": -0.20478710075134968,
      "spread": -0.07313990592207545,
      "real_volume": null,
      "MeanCloseOpen": 0.9883762511428774,
      "Diff_Close": -0.0001594674136801586,
      "Diff_Open": 0.022376850967051144,
      "Diff_MeanCloseOpen": 0.010085171992172383
    },
    "high": {
      "id": 0.6428770198736379,
      "open": 0.9839394536175385,
      "high": 1.0,
      "low": 0.9791044859726027,
      "close": 0.984791899160039,
      "tick_volume": -0.19558965949626136,
      "spread": -0.07986795014503545,
      "real_volume": null,
      "MeanCloseOpen": 0.988025439925827,
      "Diff_Close": 0.012244689419824371,
      "Diff_Open": 0.02182888591144298,
      "Diff_MeanCloseOpen": 0.01875875512217865
    },
    "low": {
      "id": 0.6441549374006011,
      "open": 0.984488776452494,
      "high": 0.9791044859726027,
      "low": 1.0,
      "close": 0.9847985829447748,
      "tick_volume": -0.21363403495633168,
      "spread": -0.06769457166413367,
      "real_volume": null,
      "MeanCloseOpen": 0.9884162270603567,
      "Diff_Close": 0.011807715375120851,
      "Diff_Open": 0.02155185927710715,
      "Diff_MeanCloseOpen": 0.018254130042979596
    },
    "close": {
      "id": 0.6437260152866962,
      "open": 0.9767080805608143,
      "high": 0.984791899160039,
      "low": 0.9847985829447748,
      "close": 1.0,
      "tick_volume": -0.20484141522346516,
      "spread": -0.07369485038425708,
      "real_volume": null,
      "MeanCloseOpen": 0.9883804490329472,
      "Diff_Close": 0.02313592350169578,
      "Diff_Open": 0.02126755836570197,
      "Diff_MeanCloseOpen": 0.026282778256346218
    },
    "tick_volume": {
      "id": -0.16590806338597613,
      "open": -0.20478710075134968,
      "high": -0.19558965949626136,
      "low": -0.21363403495633168,
      "close": -0.20484141522346516,
      "tick_volume": 1.0,
      "spread": -0.3240848682843531,
      "real_volume": null,
      "MeanCloseOpen": -0.20491262222336115,
      "Diff_Close": 0.0015935068701430908,
      "Diff_Open": 0.00357935490062935,
      "Diff_MeanCloseOpen": 0.0024766317959320767
    },
    "spread": {
      "id": -0.11146656787569141,
      "open": -0.07313990592207545,
      "high": -0.07986795014503545,
      "low": -0.06769457166413367,
      "close": -0.07369485038425708,
      "tick_volume": -0.3240848682843531,
      "spread": 1.0,
      "real_volume": null,
      "MeanCloseOpen": -0.07340931005189845,
      "Diff_Close": -0.02023739937117945,
      "Diff_Open": -0.033006977133893944,
      "Diff_MeanCloseOpen": -0.03771768114954354
    },
    "real_volume": {
      "id": null,
      "open": null,
      "high": null,
      "low": null,
      "close": null,
      "tick_volume": null,
      "spread": null,
      "real_volume": 1.0,
      "MeanCloseOpen": null,
      "Diff_Close": null,
      "Diff_Open": null,
      "Diff_MeanCloseOpen": null
    },
    "MeanCloseOpen": {
      "id": 0.6438254916174314,
      "open": 0.9883762511428774,
      "high": 0.988025439925827,
      "low": 0.9884162270603567,
      "close": 0.9883804490329472,
      "tick_volume": -0.20491262222336115,
      "spread": -0.07340931005189845,
      "real_volume": null,
      "MeanCloseOpen": 1.0,
      "Diff_Close": 0.011489489460316972,
      "Diff_Open": 0.021880969825609786,
      "Diff_MeanCloseOpen": 0.018267505048893084
    },
    "Diff_Close": {
      "id": 0.01289782736778722,
      "open": -0.0001594674136801586,
      "high": 0.012244689419824371,
      "low": 0.011807715375120851,
      "close": 0.02313592350169578,
      "tick_volume": 0.0015935068701430908,
      "spread": -0.02023739937117945,
      "real_volume": null,
      "MeanCloseOpen": 0.011489489460316972,
      "Diff_Close": 1.0,
      "Diff_Open": -0.018587623853149403,
      "Diff_MeanCloseOpen": 0.488537913339111
    },
    "Diff_Open": {
      "id": 0.012566949310551807,
      "open": 0.022376850967051144,
      "high": 0.02182888591144298,
      "low": 0.02155185927710715,
      "close": 0.02126755836570197,
      "tick_volume": 0.00357935490062935,
      "spread": -0.033006977133893944,
      "real_volume": null,
      "MeanCloseOpen": 0.021880969825609786,
      "Diff_Close": -0.018587623853149403,
      "Diff_Open": 1.0,
      "Diff_MeanCloseOpen": 0.4952968677389252
    },
    "Diff_MeanCloseOpen": {
      "id": 0.011707589180454525,
      "open": 0.010085171992172383,
      "high": 0.01875875512217865,
      "low": 0.018254130042979596,
      "close": 0.026282778256346218,
      "tick_volume": 0.0024766317959320767,
      "spread": -0.03771768114954354,
      "real_volume": null,
      "MeanCloseOpen": 0.018267505048893084,
      "Diff_Close": 0.488537913339111,
      "Diff_Open": 0.4952968677389252,
      "Diff_MeanCloseOpen": 1.0
    }
  }
}