{
  "method": "pearson",
  "matrix": {
    "id": {
      "id": 1.0,
      "open": 0.8562338209485484,
      "high": 0.8564120568913443,
      "low": 0.8563703190335622,
      "close": 0.8563358140628885,
      "tick_volume": -0.2281717306007038,
      "spread": -0.014431891566778885,
      "real_volume": null,
      "MeanCloseOpen": 0.8564076251375855,
      "Diff_Close": 0.005207447827049479,
      "Diff_Open": 0.005559950633123933,
      "Diff_MeanCloseOpen": 0.00772103311341395
    },
    "open": {
      "id": 0.8562338209485484,
      "open": 1.0,
      "high": 0.9996615285046508,
      "low": 0.9996992999320853,
      "close": 0.9994264465261888,
      "tick_volume": -0.2966632621137541,
      "spread": -0.00712739425247168,
      "real_volume": null,
      "MeanCloseOpen": 0.999856601718081,
      "Diff_Close": -0.01437323071274324,
      "Diff_Open": 0.01940995883224162,
      "Diff_MeanCloseOpen": 0.0036404393475590884
    },
    "high": {
      "id": 0.8564120568913443,
      "open": 0.9996615285046508,
      "high": 1.0,
      "low": 0.9994713139945491,
      "close": 0.9997180394951708,
      "tick_volume": -0.28324197875319557,
      "spread": -0.010364305916720414,
      "real_volume": null,
      "MeanCloseOpen": 0.9998331586888675,
      "Diff_Close": 0.004087799298997939,
      "Diff_Open": 0.0189882600000321,
      "Diff_MeanCloseOpen": 0.016559354093848226
    },
    "low": {
      "id": 0.8563703190335622,
      "open": 0.9996992999320853,
      "high": 0.9994713139945491,
      "low": 1.0,
      "close": 0.9996947099354425,
      "tick_volume": -0.30828388677772706,
      "spread": -0.004640066090899042,
      "real_volume": null,
      "MeanCloseOpen": 0.9998403806975537,
      "Diff_Close": 0.0022889098519101223,
      "Diff_Open": 0.018333878924436664,
      "Diff_MeanCloseOpen": 0.014801221559588754
    },
    "close": {
      "id": 0.8563358140628885,
      "open": 0.9994264465261888,
      "high": 0.9997180394951708,
      "low": 0.9996947099354425,
      "close": 1.0,
      "tick_volume": -0.2950232209154471,
      "spread": -0.0072488272068680975,
      "real_volume": null,
      "MeanCloseOpen": 0.9998566009818403,
      "Diff_Close": 0.019253905950159144,
      "Diff_Open": 0.017975200683704968,
      "Diff_MeanCloseOpen": 0.026693930477226353
    },
    "tick_volume": {
      "id": -0.2281717306007038,
      "open": -0.2966632621137541,
      "high": -0.28324197875319557,
      "low": -0.30828388677772706,
      "close": -0.2950232209154471,
      "tick_volume": 1.0,
      "spread": -0.2284366650575289,
      "real_volume": null,
      "MeanCloseOpen": -0.2958856721730302,
      "Diff_Close": 0.0484798723657756,
      "Diff_Open": 0.037000711755221974,
      "Diff_MeanCloseOpen": 0.06128379635439769
    },
    "spread": {
      "id": -0.014431891566778885,
      "open": -0.00712739425247168,
      "high": -0.010364305916720414,
      "low": -0.004640066090899042,
      "close": -0.0072488272068680975,
      "tick_volume": -0.2284366650575289,
      "spread": 1.0,
      "real_volume": null,
      "MeanCloseOpen": -0.007189141564937706,
      "Diff_Close": -0.0076025089877942344,
      "Diff_Open": -0.03196960709086003,
      "Diff_MeanCloseOpen": -0.028395893179440336
    },
    "real_volume": {
      "id": null,
      "open": null,
      "high": null,
      "low": null,
      "close": null,
      "tick_volume": null,
      "spread": null,
      "real_volume": null,
      "MeanCloseOpen": null,
      "Diff_Close": null,
      "Diff_Open": null,
      "Diff_MeanCloseOpen": null
    },
    "MeanCloseOpen": {
      "id": 0.8564076251375855,
      "open": 0.999856601718081,
      "high": 0.9998331586888675,
      "low": 0.9998403806975537,
      "close": 0.9998566009818403,
      "tick_volume": -0.2958856721730302,
      "spread": -0.007189141564937706,
      "real_volume": null,
      "MeanCloseOpen": 1.0,
      "Diff_Close": 0.0024406660272205103,
      "Diff_Open": 0.018695261553976793,
      "Diff_MeanCloseOpen": 0.015169345381817155
    },
    "Diff_Close": {
      "id": 0.005207447827049479,
      "open": -0.01437323071274324,
      "high": 0.004087799298997939,
      "low": 0.0022889098519101223,
      "close": 0.019253905950159144,
      "tick_volume": 0.0484798723657756,
      "spread": -0.0076025089877942344,
      "real_volume": null,
      "MeanCloseOpen": 0.0024406660272205103,
      "Diff_Close": 1.0,
      "Diff_Open": -0.027535001498990047,
      "Diff_MeanCloseOpen": 0.6964251745033181
    },
    "Diff_Open": {
      "id": 0.005559950633123933,
      "open": 0.01940995883224162,
      "high": 0.0189882600000321,
      "low": 0.018333878924436664,
      "close": 0.017975200683704968,
      "tick_volume": 0.037000711755221974,
      "spread": -0.03196960709086003,
      "real_volume": null,
      "MeanCloseOpen": 0.018695261553976793,
      "Diff_Close": -0.027535001498990047,
      "Diff_Open": 1.0,
      "Diff_MeanCloseOpen": 0.6981812497167645
    },
    "Diff_MeanCloseOpen": {
      "id": 0.00772103311341395,
      "open": 0.0036404393475590884,
      "high": 0.016559354093848226,
      "low": 0.014801221559588754,
      "close": 0.026693930477226353,
      "tick_volume": 0.06128379635439769,
      "spread": -0.028395893179440336,
      "real_volume": null,
      "MeanCloseOpen": 0.015169345381817155,
      "Diff_Close": 0.6964251745033181,
      "Diff_Open": 0.6981812497167645,
      "Diff_MeanCloseOpen": 1.0
    }
  }
}