{
  "numeric_summary": {
    "bill_length_mm": {
      "count": 342,
      "mean": 43.9219298245614,
      "median": 44.45,
      "std": 5.4595837139265315,
      "min": 32.1,
      "max": 59.6,
      "q1": 39.225,
      "q3": 48.5,
      "iqr": 9.275,
      "skewness": 0.05311806699132413,
      "kurtosis": -0.8760269663060134
    },
    "bill_depth_mm": {
      "count": 342,
      "mean": 17.151169590643278,
      "median": 17.3,
      "std": 1.9747931568167814,
      "min": 13.1,
      "max": 21.5,
      "q1": 15.6,
      "q3": 18.7,
      "iqr": 3.1,
      "skewness": -0.14346462519436995,
      "kurtosis": -0.9068660903732533
    },
    "flipper_length_mm": {
      "count": 342,
      "mean": 200.91520467836258,
      "median": 197.0,
      "std": 14.061713679356886,
      "min": 172.0,
      "max": 231.0,
      "q1": 190.0,
      "q3": 213.0,
      "iqr": 23.0,
      "skewness": 0.3456818328687696,
      "kurtosis": -0.9842728861838839
    },
    "body_mass_g": {
      "count": 342,
      "mean": 4201.754385964912,
      "median": 4050.0,
      "std": 801.9545356980955,
      "min": 2700.0,
      "max": 6300.0,
      "q1": 3550.0,
      "q3": 4750.0,
      "iqr": 1200.0,
      "skewness": 0.4703293304801231,
      "kurtosis": -0.7192218658321532
    }
  },
  "categorical_summary": {
    "species": {
      "n_unique": 3,
      "top_value": "Adelie",
      "value_counts": {
        "Adelie": 152,
        "Gentoo": 124,
        "Chinstrap": 68
      },
      "proportions": {
        "Adelie": 0.4419,
        "Gentoo": 0.3605,
        "Chinstrap": 0.1977
      }
    },
    "island": {
      "n_unique": 3,
      "top_value": "Biscoe",
      "value_counts": {
        "Biscoe": 168,
        "Dream": 124,
        "Torgersen": 52
      },
      "proportions": {
        "Biscoe": 0.4884,
        "Dream": 0.3605,
        "Torgersen": 0.1512
      }
    },
    "sex": {
      "n_unique": 2,
      "top_value": "Male",
      "value_counts": {
        "Male": 168,
        "Female": 165,
        "nan": 11
      },
      "proportions": {
        "Male": 0.4884,
        "Female": 0.4797,
        "nan": 0.032
      }
    }
  },
  "correlation_pearson": {
    "method": "pearson",
    "matrix": {
      "bill_length_mm": {
        "bill_length_mm": 1.0,
        "bill_depth_mm": -0.23505287035553338,
        "flipper_length_mm": 0.6561813407464291,
        "body_mass_g": 0.5951098244376295
      },
      "bill_depth_mm": {
        "bill_length_mm": -0.23505287035553338,
        "bill_depth_mm": 1.0,
        "flipper_length_mm": -0.5838512164654133,
        "body_mass_g": -0.47191562118606556
      },
      "flipper_length_mm": {
        "bill_length_mm": 0.6561813407464291,
        "bill_depth_mm": -0.5838512164654133,
        "flipper_length_mm": 1.0,
        "body_mass_g": 0.871201767306011
      },
      "body_mass_g": {
        "bill_length_mm": 0.5951098244376295,
        "bill_depth_mm": -0.47191562118606556,
        "flipper_length_mm": 0.871201767306011,
        "body_mass_g": 1.0
      }
    }
  },
  "correlation_spearman": {
    "method": "spearman",
    "matrix": {
      "bill_length_mm": {
        "bill_length_mm": 1.0,
        "bill_depth_mm": -0.22174915179457866,
        "flipper_length_mm": 0.6727719416255545,
        "body_mass_g": 0.5838003194455482
      },
      "bill_depth_mm": {
        "bill_length_mm": -0.22174915179457866,
        "bill_depth_mm": 1.0,
        "flipper_length_mm": -0.5232674711610737,
        "body_mass_g": -0.4323722214130437
      },
      "flipper_length_mm": {
        "bill_length_mm": 0.6727719416255545,
        "bill_depth_mm": -0.5232674711610737,
        "flipper_length_mm": 1.0,
        "body_mass_g": 0.8399741230312999
      },
      "body_mass_g": {
        "bill_length_mm": 0.5838003194455482,
        "bill_depth_mm": -0.4323722214130437,
        "flipper_length_mm": 0.8399741230312999,
        "body_mass_g": 1.0
      }
    }
  },
  "correlation_kendall": {
    "method": "kendall",
    "matrix": {
      "bill_length_mm": {
        "bill_length_mm": 1.0,
        "bill_depth_mm": -0.12285019226399843,
        "flipper_length_mm": 0.48334544176274524,
        "body_mass_g": 0.43335917836893745
      },
      "bill_depth_mm": {
        "bill_length_mm": -0.12285019226399843,
        "bill_depth_mm": 1.0,
        "flipper_length_mm": -0.28189449934662936,
        "body_mass_g": -0.19506984612877404
      },
      "flipper_length_mm": {
        "bill_length_mm": 0.48334544176274524,
        "bill_depth_mm": -0.28189449934662936,
        "flipper_length_mm": 1.0,
        "body_mass_g": 0.6604674953459727
      },
      "body_mass_g": {
        "bill_length_mm": 0.43335917836893745,
        "bill_depth_mm": -0.19506984612877404,
        "flipper_length_mm": 0.6604674953459727,
        "body_mass_g": 1.0
      }
    }
  }
}