{
  "bill_length_mm": {
    "count": 342,
    "mean": 43.9219298245614,
    "median": 44.45,
    "std": 5.4595837139265315,
    "min": 32.1,
    "max": 59.6,
    "q1": 39.225,
    "q3": 48.5,
    "iqr": 9.275,
    "skewness": 0.05311806699132413,
    "kurtosis": -0.8760269663060134
  },
  "bill_depth_mm": {
    "count": 342,
    "mean": 17.151169590643278,
    "median": 17.3,
    "std": 1.9747931568167814,
    "min": 13.1,
    "max": 21.5,
    "q1": 15.6,
    "q3": 18.7,
    "iqr": 3.1,
    "skewness": -0.14346462519436995,
    "kurtosis": -0.9068660903732533
  },
  "flipper_length_mm": {
    "count": 342,
    "mean": 200.91520467836258,
    "median": 197.0,
    "std": 14.061713679356886,
    "min": 172.0,
    "max": 231.0,
    "q1": 190.0,
    "q3": 213.0,
    "iqr": 23.0,
    "skewness": 0.3456818328687696,
    "kurtosis": -0.9842728861838839
  },
  "body_mass_g": {
    "count": 342,
    "mean": 4201.754385964912,
    "median": 4050.0,
    "std": 801.9545356980955,
    "min": 2700.0,
    "max": 6300.0,
    "q1": 3550.0,
    "q3": 4750.0,
    "iqr": 1200.0,
    "skewness": 0.4703293304801231,
    "kurtosis": -0.7192218658321532
  }
}