{
  "method": "kendall",
  "matrix": {
    "bill_length_mm": {
      "bill_length_mm": 1.0,
      "bill_depth_mm": -0.12285019226399843,
      "flipper_length_mm": 0.48334544176274524,
      "body_mass_g": 0.43335917836893745
    },
    "bill_depth_mm": {
      "bill_length_mm": -0.12285019226399843,
      "bill_depth_mm": 1.0,
      "flipper_length_mm": -0.28189449934662936,
      "body_mass_g": -0.19506984612877404
    },
    "flipper_length_mm": {
      "bill_length_mm": 0.48334544176274524,
      "bill_depth_mm": -0.28189449934662936,
      "flipper_length_mm": 1.0,
      "body_mass_g": 0.6604674953459727
    },
    "body_mass_g": {
      "bill_length_mm": 0.43335917836893745,
      "bill_depth_mm": -0.19506984612877404,
      "flipper_length_mm": 0.6604674953459727,
      "body_mass_g": 1.0
    }
  }
}