{
  "id": {
    "count": 569,
    "mean": 30371831.432337433,
    "median": 906024.0,
    "std": 125020585.61222365,
    "min": 8670.0,
    "max": 911320502.0,
    "q1": 869218.0,
    "q3": 8813129.0,
    "iqr": 7943911.0,
    "skewness": 6.473751801630769,
    "kurtosis": 42.193194161021005
  },
  "radius_mean": {
    "count": 569,
    "mean": 14.127291739894552,
    "median": 13.37,
    "std": 3.5240488262120775,
    "min": 6.981,
    "max": 28.11,
    "q1": 11.7,
    "q3": 15.78,
    "iqr": 4.08,
    "skewness": 0.9423795716730992,
    "kurtosis": 0.8455216229065377
  },
  "texture_mean": {
    "count": 569,
    "mean": 19.289648506151142,
    "median": 18.84,
    "std": 4.301035768166949,
    "min": 9.71,
    "max": 39.28,
    "q1": 16.17,
    "q3": 21.8,
    "iqr": 5.63,
    "skewness": 0.6504495420828159,
    "kurtosis": 0.7583189723727752
  },
  "perimeter_mean": {
    "count": 569,
    "mean": 91.96903339191564,
    "median": 86.24,
    "std": 24.298981038754906,
    "min": 43.79,
    "max": 188.5,
    "q1": 75.17,
    "q3": 104.1,
    "iqr": 28.93,
    "skewness": 0.9906504253930081,
    "kurtosis": 0.9722135477110654
  },
  "area_mean": {
    "count": 569,
    "mean": 654.8891036906855,
    "median": 551.1,
    "std": 351.914129181653,
    "min": 143.5,
    "max": 2501.0,
    "q1": 420.3,
    "q3": 782.7,
    "iqr": 362.4,
    "skewness": 1.6457321756240424,
    "kurtosis": 3.6523027623507582
  },
  "smoothness_mean": {
    "count": 569,
    "mean": 0.0963602811950791,
    "median": 0.09587,
    "std": 0.01406412813767362,
    "min": 0.05263,
    "max": 0.1634,
    "q1": 0.08637,
    "q3": 0.1053,
    "iqr": 0.0189,
    "skewness": 0.45632376481955844,
    "kurtosis": 0.8559749303632245
  },
  "compactness_mean": {
    "count": 569,
    "mean": 0.10434098418277679,
    "median": 0.09263,
    "std": 0.052812757932512194,
    "min": 0.01938,
    "max": 0.3454,
    "q1": 0.06492,
    "q3": 0.1304,
    "iqr": 0.0655,
    "skewness": 1.1901230311980404,
    "kurtosis": 1.650130467219256
  },
  "concavity_mean": {
    "count": 569,
    "mean": 0.0887993158172232,
    "median": 0.06154,
    "std": 0.07971980870789348,
    "min": 0.0,
    "max": 0.4268,
    "q1": 0.02956,
    "q3": 0.1307,
    "iqr": 0.1011,
    "skewness": 1.4011797389486722,
    "kurtosis": 1.9986375291042124
  },
  "concave_points_mean": {
    "count": 569,
    "mean": 0.04891914586994728,
    "median": 0.0335,
    "std": 0.038802844859153605,
    "min": 0.0,
    "max": 0.2012,
    "q1": 0.02031,
    "q3": 0.074,
    "iqr": 0.0537,
    "skewness": 1.1711800812336282,
    "kurtosis": 1.066555702965477
  },
  "symmetry_mean": {
    "count": 569,
    "mean": 0.18116186291739894,
    "median": 0.1792,
    "std": 0.027414281336035715,
    "min": 0.106,
    "max": 0.304,
    "q1": 0.1619,
    "q3": 0.1957,
    "iqr": 0.0338,
    "skewness": 0.7256089733641999,
    "kurtosis": 1.2879329922294565
  },
  "fractal_dimension_mean": {
    "count": 569,
    "mean": 0.06279760984182776,
    "median": 0.06154,
    "std": 0.007060362795084459,
    "min": 0.04996,
    "max": 0.09744,
    "q1": 0.0577,
    "q3": 0.06612,
    "iqr": 0.0084,
    "skewness": 1.3044888125755076,
    "kurtosis": 3.0058921201694933
  },
  "radius_se": {
    "count": 569,
    "mean": 0.40517205623901575,
    "median": 0.3242,
    "std": 0.2773127329861039,
    "min": 0.1115,
    "max": 2.873,
    "q1": 0.2324,
    "q3": 0.4789,
    "iqr": 0.2465,
    "skewness": 3.0886121663847574,
    "kurtosis": 17.686725966164644
  },
  "texture_se": {
    "count": 569,
    "mean": 1.2168534270650264,
    "median": 1.108,
    "std": 0.5516483926172023,
    "min": 0.3602,
    "max": 4.885,
    "q1": 0.8339,
    "q3": 1.474,
    "iqr": 0.6401,
    "skewness": 1.646443808753053,
    "kurtosis": 5.349168692469973
  },
  "perimeter_se": {
    "count": 569,
    "mean": 2.8660592267135327,
    "median": 2.287,
    "std": 2.0218545540421076,
    "min": 0.757,
    "max": 21.98,
    "q1": 1.606,
    "q3": 3.357,
    "iqr": 1.751,
    "skewness": 3.443615202194899,
    "kurtosis": 21.40190492588045
  },
  "area_se": {
    "count": 569,
    "mean": 40.337079086116,
    "median": 24.53,
    "std": 45.49100551613181,
    "min": 6.802,
    "max": 542.2,
    "q1": 17.85,
    "q3": 45.19,
    "iqr": 27.34,
    "skewness": 5.447186284898394,
    "kurtosis": 49.20907650724119
  },
  "smoothness_se": {
    "count": 569,
    "mean": 0.007040978910369069,
    "median": 0.00638,
    "std": 0.0030025179438390656,
    "min": 0.001713,
    "max": 0.03113,
    "q1": 0.005169,
    "q3": 0.008146,
    "iqr": 0.003,
    "skewness": 2.314450056636759,
    "kurtosis": 10.469839532360393
  },
  "compactness_se": {
    "count": 569,
    "mean": 0.025478138840070295,
    "median": 0.02045,
    "std": 0.017908179325677388,
    "min": 0.002252,
    "max": 0.1354,
    "q1": 0.01308,
    "q3": 0.03245,
    "iqr": 0.0194,
    "skewness": 1.9022207096378565,
    "kurtosis": 5.10625248342338
  },
  "concavity_se": {
    "count": 569,
    "mean": 0.03189371634446397,
    "median": 0.02589,
    "std": 0.03018606032298841,
    "min": 0.0,
    "max": 0.396,
    "q1": 0.01509,
    "q3": 0.04205,
    "iqr": 0.027,
    "skewness": 5.110463049043661,
    "kurtosis": 48.8613953017919
  },
  "concave_points_se": {
    "count": 569,
    "mean": 0.011796137082601054,
    "median": 0.01093,
    "std": 0.006170285174046869,
    "min": 0.0,
    "max": 0.05279,
    "q1": 0.007638,
    "q3": 0.01471,
    "iqr": 0.0071,
    "skewness": 1.4446781446974786,
    "kurtosis": 5.1263019430439565
  },
  "symmetry_se": {
    "count": 569,
    "mean": 0.02054229876977153,
    "median": 0.01873,
    "std": 0.008266371528798399,
    "min": 0.007882,
    "max": 0.07895,
    "q1": 0.01516,
    "q3": 0.02348,
    "iqr": 0.0083,
    "skewness": 2.1951328995478216,
    "kurtosis": 7.896129827528971
  },
  "fractal_dimension_se": {
    "count": 569,
    "mean": 0.0037949038664323374,
    "median": 0.003187,
    "std": 0.002646070967089195,
    "min": 0.0008948,
    "max": 0.02984,
    "q1": 0.002248,
    "q3": 0.004558,
    "iqr": 0.0023,
    "skewness": 3.923968620227413,
    "kurtosis": 26.280847486373336
  },
  "radius_worst": {
    "count": 569,
    "mean": 16.269189806678387,
    "median": 14.97,
    "std": 4.833241580469323,
    "min": 7.93,
    "max": 36.04,
    "q1": 13.01,
    "q3": 18.79,
    "iqr": 5.78,
    "skewness": 1.1031152059604372,
    "kurtosis": 0.9440895758772196
  },
  "texture_worst": {
    "count": 569,
    "mean": 25.677223198594024,
    "median": 25.41,
    "std": 6.146257623038319,
    "min": 12.02,
    "max": 49.54,
    "q1": 21.08,
    "q3": 29.72,
    "iqr": 8.64,
    "skewness": 0.49832130948716474,
    "kurtosis": 0.22430186846478772
  },
  "perimeter_worst": {
    "count": 569,
    "mean": 107.26121265377857,
    "median": 97.66,
    "std": 33.602542269036356,
    "min": 50.41,
    "max": 251.2,
    "q1": 84.11,
    "q3": 125.4,
    "iqr": 41.29,
    "skewness": 1.1281638713683722,
    "kurtosis": 1.070149666654432
  },
  "area_worst": {
    "count": 569,
    "mean": 880.5831282952548,
    "median": 686.5,
    "std": 569.356992669949,
    "min": 185.2,
    "max": 4254.0,
    "q1": 515.3,
    "q3": 1084.0,
    "iqr": 568.7,
    "skewness": 1.8593732724433467,
    "kurtosis": 4.396394828992138
  },
  "smoothness_worst": {
    "count": 569,
    "mean": 0.13236859402460457,
    "median": 0.1313,
    "std": 0.022832429404835465,
    "min": 0.07117,
    "max": 0.2226,
    "q1": 0.1166,
    "q3": 0.146,
    "iqr": 0.0294,
    "skewness": 0.4154259962824678,
    "kurtosis": 0.5178251903311124
  },
  "compactness_worst": {
    "count": 569,
    "mean": 0.25426504393673116,
    "median": 0.2119,
    "std": 0.157336488913742,
    "min": 0.02729,
    "max": 1.058,
    "q1": 0.1472,
    "q3": 0.3391,
    "iqr": 0.1919,
    "skewness": 1.4735549003297956,
    "kurtosis": 3.0392881719200657
  },
  "concavity_worst": {
    "count": 569,
    "mean": 0.27218848330404216,