{
  "metadata": {
    "generated_at": "2026-03-06T00:34:02.386133",
    "source": "data/penguins.csv"
  },
  "payload": {
    "numeric": {
      "bill_length_mm": {
        "count": 342.0,
        "mean": 43.9219298245614,
        "std": 5.4595837139265315,
        "min": 32.1,
        "25%": 39.225,
        "50%": 44.45,
        "75%": 48.5,
        "max": 59.6
      },
      "bill_depth_mm": {
        "count": 342.0,
        "mean": 17.151169590643278,
        "std": 1.9747931568167816,
        "min": 13.1,
        "25%": 15.6,
        "50%": 17.3,
        "75%": 18.7,
        "max": 21.5
      },
      "flipper_length_mm": {
        "count": 342.0,
        "mean": 200.91520467836258,
        "std": 14.061713679356888,
        "min": 172.0,
        "25%": 190.0,
        "50%": 197.0,
        "75%": 213.0,
        "max": 231.0
      },
      "body_mass_g": {
        "count": 342.0,
        "mean": 4201.754385964912,
        "std": 801.9545356980956,
        "min": 2700.0,
        "25%": 3550.0,
        "50%": 4050.0,
        "75%": 4750.0,
        "max": 6300.0
      }
    },
    "categorical": {
      "species": {
        "Adelie": 0.4418604651162791,
        "Gentoo": 0.36046511627906974,
        "Chinstrap": 0.19767441860465115
      },
      "island": {
        "Biscoe": 0.4883720930232558,
        "Dream": 0.36046511627906974,
        "Torgersen": 0.1511627906976744
      },
      "sex": {
        "Male": 0.5045045045045045,
        "Female": 0.4954954954954955
      }
    },
    "correlations": {
      "bill_length_mm": {
        "bill_length_mm": 1.0,
        "bill_depth_mm": -0.23505287035553346,
        "flipper_length_mm": 0.6561813407464291,
        "body_mass_g": 0.5951098244376296
      },
      "bill_depth_mm": {
        "bill_length_mm": -0.23505287035553346,
        "bill_depth_mm": 1.0,
        "flipper_length_mm": -0.5838512164654135,
        "body_mass_g": -0.47191562118606567
      },
      "flipper_length_mm": {
        "bill_length_mm": 0.6561813407464291,
        "bill_depth_mm": -0.5838512164654135,
        "flipper_length_mm": 1.0,
        "body_mass_g": 0.8712017673060111
      },
      "body_mass_g": {
        "bill_length_mm": 0.5951098244376296,
        "bill_depth_mm": -0.47191562118606567,
        "flipper_length_mm": 0.8712017673060111,
        "body_mass_g": 1.0
      }
    }
  }
}